{"cameraMode":{"drawMode":0,"name":"Shaded","section":"Shading Mode"},"sceneLighting":true,"audioPlay":false,"sceneViewState":{"showFog":true,"showMaterialUpdate":false,"showSkybox":true,"showFlares":true,"showImageEffects":true,"showParticleSystems":true},"in2DMode":false,"pivot":{"x":91.57845306396485,"y":-0.40354466438293459,"z":25.979572296142579},"rotation":{"x":-0.008783622644841671,"y":0.5476610064506531,"z":0.005753344390541315,"w":0.8366385102272034},"size":49.00387954711914,"orthographic":false}